--Joel Castro
--CS435 - Project 2
--Driver: Project2.sql
--
--Run the file CreateDatabase.sql (included); it will create a database
--named CS435W14HW2. You will then need to execute the file LoadData.sql
--to fill the database with sample data.
--Create a number of objects (views and triggers) as describe below.

--Other files included: a database called CS435W14HW2_Validation and
--a file TestQueries.sql to help ensure that your project is correct.
--Use the Database Restore functionality of Management Studio to restore the
--validation database, then run the file TestQueries.sql against your database.
--The first 4 queries validate the 4 views and should not return any data.
--The last query validates the effect of the two triggers and should not return
--any data either

insert into Address (AddressID, StreetAddress, City, StateCode, PostalCode, Country)
VALUES ('1', '11403 13th Avenue South', 'Chicago', 'IL ', '60603-0776  ', 'USA')
, ('4', '944 19th Street S.', 'Chicago', 'IL ', '60603-911   ', 'USA')
, ('6', '501 Washington', 'Chicago', 'IL ', '60608       ', 'USA')
, ('7', '103 Industrial Drive', 'Beatrice', 'NE ', '68350-1010  ', 'USA')
, ('8', 'P.O. Box 3343', 'Detroit', 'MI ', '48233-3343  ', 'USA')
, ('9', '915 Birch Road', 'Detroit', 'MI ', '48233-9211  ', 'USA')
, ('10', '3414 North Calumet Avenue', 'Iowa City', 'IA ', '52240-1827  ', 'USA')
, ('11', '1212 Allen Street East', 'Chicago', 'IL ', '60607-0022  ', 'USA')
, ('12', '701 North Carlton Place', 'St. Louis', 'MO ', '63115       ', 'USA')
, ('13', 'P.O. Box 9336', 'Chicago', 'IL ', '60609-9336  ', 'USA')
, ('14', '1089 Sunlight Place', 'Iowa City', 'IA ', '52230-1233  ', 'USA')
, ('15', '309 Garden Mall', 'Lincoln', 'NE ', '68502-3090  ', 'USA')
, ('16', '14369 West Pennsylvania Ave.', 'Waterville', 'ME ', '04901-0001  ', 'USA')
, ('17', '994 West Alaska Ave', 'Gary', 'IN ', '46401-3455  ', 'USA')
, ('18', '1939 NE Garfield', 'Winnetka', 'IL ', '60093-9122  ', 'USA')
, ('19', '735 W 7th St.', 'Bloomington', 'IL ', '61701-9392  ', 'USA')
, ('20', '1099 Domino St. N', 'Lansing', 'MI ', '48924-9237  ', 'USA')
, ('21', '891 University Ave', 'Fort Wayne', 'IN ', '46802-3918  ', 'USA')
, ('22', '109 RedTail', 'Indianapolis', 'IN ', '46206       ', 'USA')
, ('23', '332 NE 45th Ave', 'Fort Wayne', 'IN ', '46802-3934  ', 'USA')
, ('24', '1010 Industrial Drive', 'Beatrice', 'NE ', '68350-1010  ', 'USA')
, ('25', '1702 East Crestview Drive', 'Chicago', 'IL ', '60607-2321  ', 'USA')
, ('26', '11041 Crossway Park Dr', 'Bloomington', 'MN ', '55304-9840  ', 'USA')
, ('28', 'Suite 187', 'Fond Du Lac', 'WI ', '54935-9990  ', 'USA')
, ('30', '4002 Washington Ave NE', 'Wauwatosa', 'WI ', '53213-9515  ', 'USA')
, ('31', '532 West Main', 'Chicago', 'IL ', '60506-1002  ', 'USA')
, ('33', '14 Suggre', 'Columbia', 'MO ', '65201       ', 'USA')
, ('36', '11403 13th Avenue South', 'Chicago', 'IL ', '60603-0776  ', 'USA')
, ('37', '11427 Meridan St. N.E.', 'Green Bay', 'WI ', '54305-5303  ', 'USA')
, ('38', '913 North Vine Hill Road', 'Omaha', 'NE ', '68556       ', 'USA')
, ('42', '1487 Orchard Lane', 'Chicago', 'IL ', '60607-3439  ', 'USA')
, ('43', '8662 Kennsington Ave. N', 'Bloomington', 'IL ', '61701       ', 'USA')
, ('44', '11427 Meridan St. N.E.', 'Green Bay', 'WI ', '54305-5303  ', 'USA')
, ('45', '2401 Mineral Point Road', 'Omaha', 'NE ', '68145-2401  ', 'USA')
, ('47', '2240 Horseshoe Way', 'Aurora', 'IL ', '60507-3322  ', 'USA')
, ('48', '8825 51 Ave S', 'Minneapolis', 'MN ', '55401-7694  ', 'USA')
, ('49', '1008 Hirsten Road', 'Houston', 'TX ', '77055       ', 'USA')
, ('50', '1012 Aukland St. West', 'Chicago', 'IL ', '60601-2333  ', 'USA')
, ('51', 'Suite 13', 'La Crosse', 'WI ', '54601-9975  ', 'USA')
, ('52', '733 West 24th Street', 'Peoria', 'IL ', '61601-4542  ', 'USA')
, ('53', '14 Chestnut Drive', 'Indianapolis', 'IN ', '46206-1391  ', 'USA')
, ('54', 'City Hall  Dept. T', 'Chicago', 'IL ', '60607       ', 'USA')
, ('55', 'P.O. Box 5647', 'Chicago', 'IL ', '60608-2324  ', 'USA')
, ('56', '1421 2nd Street', 'Rockford', 'IL ', '61126-3214  ', 'USA')
, ('60', '40954 Long St North', 'San Francisco', 'CA ', '94102-5725  ', 'USA')
, ('63', '849 Prescot Ave', 'St. Louis', 'MO ', '63108-3862  ', 'USA')
, ('64', '2401 17 St S', 'Madison', 'WI ', '53701-6652  ', 'USA')
, ('66', '10076 82 Ave.', 'Ames', 'IA ', '50010-3976  ', 'USA')
, ('67', '5982 Interstate', 'St. Louis', 'MO ', '63109-5982  ', 'USA')
, ('72', '174 32 St NW', 'Omaha', 'NE ', '68145-4554  ', 'USA')
, ('73', '11 Park Drive', 'Columbia', 'MO ', '65201-3322  ', 'USA')
, ('74', '1729 58th Street West', 'St. Louis', 'MO ', '63156-5902  ', 'USA')
, ('75', '11020 West Broadwalk', 'New York', 'NY ', '10001-988   ', 'USA')
, ('77', '17409 Commerical Street', 'Independence', 'MO ', '64501       ', 'USA')
, ('79', '2461 SE Marine', 'St. Louis', 'MO ', '63155-2343  ', 'USA')
, ('80', '1832 Lakewood Ave.', 'Chicago', 'IL ', '60656       ', 'USA')
, ('81', '8011 9 St. W.', 'St. Paul', 'MN ', '55101-8011  ', 'USA')
, ('82', '6601 Lexington Ave East', 'Chicago', 'IL ', '60607-0833  ', 'USA')
, ('85', '1410 Forsythe Blvd', 'Schiller Park', 'IL ', '60186-1410  ', 'USA')
, ('86', '6118 Fairmount Ave.', 'Glenview', 'IL ', '60025       ', 'USA')
, ('89', '2008 Chestnut Avenue', 'Chicago', 'IL ', '60618-2991  ', 'USA')
, ('91', 'East 3800 Square', 'Seattle', 'WA ', '98007       ', 'USA')
, ('92', '203 E Cannon Ave.', 'Saginaw', 'MI ', '48605       ', 'USA')
, ('94', '74 Logan Estates', 'Carmel', 'IN ', '46032-8674  ', 'USA')
, ('96', '2357 69 Ave East', 'Chicago', 'IL ', '60608-2357  ', 'USA')
, ('97', 'P.O. Box 11330', 'Wilmington', 'DE ', '19850       ', 'USA')
, ('99', '203 E Cannon Ave.', 'Saginaw', 'MI ', '48605       ', 'USA')
, ('100', '210 S.W.  49 Ave', 'Indianapolis', 'IN ', '46206-1222  ', 'USA')
, ('102', '2190 S. Roberts St.', 'Detroit', 'MI ', '48233-2190  ', 'USA')
, ('103', '233 7 Ave. South', 'Wauconda', 'IL ', '60084       ', 'USA')
, ('104', '2190 S. Roberts St.', 'Detroit', 'MI ', '48233-2190  ', 'USA')
, ('105', '45 Townsquare Village', 'St. Petersburg', 'FL ', '33702       ', 'USA')
, ('106', '6734 Broadway', 'Grand Rapids', 'MI ', '49501-6734  ', 'USA')
, ('107', '2240 Horseshoe Way', 'Aurora', 'IL ', '60507-3322  ', 'USA')
, ('108', '2240 Horseshoe Way', 'Aurora', 'IL ', '60507-3322  ', 'USA')
, ('110', '993 Chesapeake Drive', 'Newark', 'NJ ', '7101        ', 'USA')
, ('111', '798 Midtown Circle', 'Bolingbrook', 'IL ', '60439-9981  ', 'USA')
, ('112', '61309 N 19th Avenue', 'Chicago', 'IL ', '60601-6363  ', 'USA')
, ('113', 'P.O. Box 15156', 'Wilmington', 'DE ', '19703       ', 'USA')
, ('115', '2323 N. River Dr.', 'Milwaukee', 'WI ', '53203-2323  ', 'USA')
, ('116', '239 Hampton Village', 'Springfield', 'IL ', '62703-1252  ', 'USA')
, ('117', '239 Hampton Village', 'Springfield', 'IL ', '62703-1252  ', 'USA')
, ('118', '239 Hampton Village', 'Springfield', 'IL ', '62703-1252  ', 'USA')
, ('119', '947 Riley Park North', 'Chicago', 'IL ', '60608-3444  ', 'USA')
, ('120', '8439 Westown Road', 'West Des Moines', 'IA ', '50625-4424  ', 'USA')
, ('121', '432 Stevens Street', 'Kansas City', 'MO ', '64108       ', 'USA')
, ('122', '1522 West Minnetonka Blvd', 'Excelsior', 'MN ', '55983       ', 'USA')
, ('125', '114 Sugar Grove', 'Columbia', 'MO ', '65201-3846  ', 'USA')
, ('126', '2401 Mineral Point Road', 'Omaha', 'NE ', '68145-2401  ', 'USA')
, ('127', '2439 42 St. W', 'Woodbury', 'MN ', '55119       ', 'USA')
, ('128', '260 Heritage Ave.', 'Midland', 'MI ', '48640-9392  ', 'USA')
, ('129', '2461 SE Marine', 'St. Louis', 'MO ', '63155-2343  ', 'USA')
, ('130', '2461 SE Marine', 'St. Louis', 'MO ', '63155-2343  ', 'USA')
, ('131', '300 College Ave.', 'Hutchinson', 'KS ', '67525       ', 'USA')
, ('132', '510 State St.', 'Springfield', 'IL ', '62701       ', 'USA')
, ('133', '840 Plymouth Hwy', 'Milwaukee', 'WI ', '53203       ', 'USA')
, ('134', '609 Capital Ave.', 'Indianapolis', 'IN ', '46201       ', 'USA')
, ('136', '500 44 Ave North', 'Omaha', 'NE ', '68117       ', 'USA')
, ('137', '71 West River Road', 'Chicago', 'IL ', '60608-7133  ', 'USA')
, ('139', '2100 K Street', 'Washington', 'DC ', '20506-2100  ', 'USA')
, ('140', '1729 58th Street West', 'St. Louis', 'MO ', '63156-5902  ', 'USA')
, ('143', '2600 East Brown Ave', 'New York', 'NY ', '10001-0239  ', 'USA')
, ('144', '1010 State St', 'Baltimore', 'MD ', '21209-1010  ', 'USA')
, ('145', '26 N. Meriam Ave', 'Grand Rapids', 'MI ', '49548       ', 'USA')
, ('146', '806 Union Circle', 'Lockport', 'IL ', '60441-2239  ', 'USA')
, ('147', '5029 Victoria Heights', 'Springfield', 'IL ', '62703-3241  ', 'USA')
, ('149', '260 Heritage Ave.', 'Midland', 'MI ', '48640-9392  ', 'USA')
, ('151', '6149 S. 42nd Ave.', 'Rockford', 'IL ', '61125-6149  ', 'USA')
, ('152', '6149 S. 42nd Ave.', 'Rockford', 'IL ', '61125-6149  ', 'USA')
, ('155', '267 Lee Ridge Road', 'Chicago', 'IL ', '60604-2670  ', 'USA')
, ('156', '1007 39 St. NE', 'Chicago', 'IL ', '60607       ', 'USA')
, ('157', '267 Lee Ridge Road', 'Chicago', 'IL ', '60604-2670  ', 'USA')
, ('159', '13195 Redmond Rd', 'Milwaukee', 'WI ', '53204-9900  ', 'USA')
, ('160', '1830 South Morgan Creek', 'Wauconda', 'IL ', '60084       ', 'USA')
, ('161', '27707 12 Ave S', 'Highland Park', 'IL ', '60035       ', 'USA')
, ('162', '300 College Ave.', 'Hutchinson', 'KS ', '67525       ', 'USA')
, ('163', '11041 Crossway Park Dr', 'Bloomington', 'MN ', '55304-9840  ', 'USA')
, ('164', '3001 Woodridge Drive', 'Overland Park', 'KS ', '66175       ', 'USA')
, ('165', '1345 21st Ave S', 'Lawrence', 'KS ', '66208       ', 'USA')
, ('168', 'RR1', 'Ames', 'IA ', '50100-5383  ', 'USA')
, ('172', '930 Klondike Park', 'Chicago', 'IL ', '60608-3432  ', 'USA')
, ('175', '277 12 Ave S', 'Elmwood Park', 'IL ', '60635       ', 'USA')
, ('177', '4830 W 67 St', 'Chicago', 'IL ', '60608-4830  ', 'USA')
, ('178', '3414 North Calumet Avenue', 'Iowa City', 'IA ', '52240-1827  ', 'USA')
, ('179', '3427 N. Jupiter St', 'St. Louis', 'MO ', '63156-3427  ', 'USA')
, ('181', '4000 McDaniels Rd', 'Minneapolis', 'MN ', '55404-4000  ', 'USA')
, ('182', '867 W Orange Ave', 'Lafayette', 'IN ', '47905-5855  ', 'USA')
, ('184', '373 N.W. 19 St.', 'Minneapolis', 'MN ', '55403-1222  ', 'USA')
, ('185', '373 N.W. 19 St.', 'Minneapolis', 'MN ', '55403-1222  ', 'USA')
, ('187', 'P.O. Box 1523', 'Wichita', 'KS ', '67201       ', 'USA')
, ('188', '4000 McDaniels Rd', 'Minneapolis', 'MN ', '55404-4000  ', 'USA')
, ('189', 'Box 3329', 'Ft. Worth', 'TX ', '76018-3329  ', 'USA')
, ('190', '124 Hickman St.', 'Springfield', 'IL ', '62703       ', 'USA')
, ('191', '1817 College Drive', 'Grand Rapids', 'MI ', '49548-3343  ', 'USA')
, ('192', '4100 East Wisconsin Ave.', 'Chicago', 'IL ', '60604-4100  ', 'USA')
, ('194', '761 McMillan Ave.', 'Bolingbrook', 'IL ', '60439-8986  ', 'USA')
, ('195', '5713 W. Jackson Ave', 'Milwaukee', 'WI ', '53202-5713  ', 'USA')
, ('196', '8907 N. Pioneer Road', 'Gary', 'IN ', '46401-4211  ', 'USA')
, ('197', '5008 Fraser Ave N.', 'Mishawaka', 'IN ', '46544       ', 'USA')
, ('198', '4823 Kimberly Ave South', 'Blue Island', 'IL ', '60406       ', 'USA')
, ('199', '433 Market Drive', 'Chicago', 'IL ', '60607       ', 'USA')
, ('200', 'P.O. Box 219', 'Des Moines', 'IA ', '50318-1211  ', 'USA')
, ('202', '404 Minnesota Blvd', 'St. Paul', 'MN ', '55101       ', 'USA')
, ('203', '200 First Ave. South', 'Jefferson City', 'MO ', '65101       ', 'USA')
, ('205', '432 Stevens Street', 'Kansas City', 'MO ', '64108       ', 'USA')
, ('207', '1089 Sunlight Place', 'Iowa City', 'IA ', '52230-1233  ', 'USA')
, ('208', '4509 145th St NW', 'Omaha', 'NE ', '68107-4509  ', 'USA')
, ('209', '310 Kings Crossing', 'Mundelein', 'IL ', '60060-9310  ', 'USA')
, ('210', 'Apple Grove Square', 'Indianapolis', 'IN ', '46205-2393  ', 'USA')
, ('211', '2292 Hazelton Drive', 'Chicago', 'IL ', '60606       ', 'USA')
, ('212', '1001 Cornhusker Highway', 'Lincoln', 'NE ', '68307       ', 'USA')
, ('213', '48 W. Nichols Rd', 'St. Paul', 'MN ', '55104       ', 'USA')
, ('214', 'PO Box 2333', 'Lake Zurich', 'IL ', '60047-1115  ', 'USA')
, ('215', '3442 N Frontage Road', 'Grand Rapids', 'MI ', '49501       ', 'USA')
, ('216', 'Business Office', 'Fort Wayne', 'IN ', '46802-3313  ', 'USA')
, ('218', '267 Lee Ridge Road', 'Chicago', 'IL ', '60604-2670  ', 'USA')
, ('220', '5385 Principal Ave.', 'Mankato', 'MN ', '56001       ', 'USA')
, ('221', '48 W. Nichols Rd', 'St. Paul', 'MN ', '55104       ', 'USA')
, ('223', '5713 W. Jackson Ave', 'Milwaukee', 'WI ', '53202-5713  ', 'USA')
, ('224', '5713 W. Jackson Ave', 'Milwaukee', 'WI ', '53202-5713  ', 'USA')
, ('225', '1099 Redwood Trail', 'Indianapolis', 'IN ', '46206-1099  ', 'USA')
, ('228', '374 Highland Road', 'Chicago', 'IL ', '60608-0027  ', 'USA')
, ('230', '17409 Commerical Street', 'Independence', 'MO ', '64501       ', 'USA')
, ('231', '4001 Cypress Creek Rd.', 'Ft. Lauderdale', 'FL ', '33301-4001  ', 'USA')
, ('232', '6864 82 Ave S.', 'Minneapolis', 'MN ', '55402-1249  ', 'USA')
, ('233', '6864 82 Ave S.', 'Minneapolis', 'MN ', '55402-1249  ', 'USA')
, ('234', '701 North Carlton Place', 'St. Louis', 'MO ', '63115       ', 'USA')
, ('237', '2439 42 St. W', 'Woodbury', 'MN ', '55119       ', 'USA')
, ('238', '733 West 24th Street', 'Peoria', 'IL ', '61601-4542  ', 'USA')
, ('239', 'Rural Route 6 Box 45G', 'McHenry', 'IL ', '60050       ', 'USA')
, ('240', '735 W 7th St.', 'Bloomington', 'IL ', '61701-9392  ', 'USA')
, ('241', '735 W 7th St.', 'Bloomington', 'IL ', '61701-9392  ', 'USA')
, ('242', '2800 Sylvania Ave.', 'Toledo', 'OH ', '43601-2800  ', 'USA')
, ('243', '903 96 St. W', 'Chicago', 'IL ', '60411       ', 'USA')
, ('244', '1003 Highland Road', 'Chicago', 'IL ', '60608-0027  ', 'USA')
, ('245', '3432 E. Main Parkway', 'Duluth', 'MN ', '55806       ', 'USA')
, ('247', '3427 N. Jupiter St', 'St. Louis', 'MO ', '63156-3427  ', 'USA')
, ('249', '1862 W. Cordoba Way', 'Kansas City', 'MO ', '64108-1862  ', 'USA')
, ('250', '8908 NE Stanton Drive', 'Chicago', 'IL ', '60607-5689  ', 'USA')
, ('251', '1098 Western Drive', 'Ames', 'IA ', '50010-1098  ', 'USA')
, ('252', '6864 82 Ave S.', 'Minneapolis', 'MN ', '55402-1249  ', 'USA')
, ('256', '411 College Drive', 'Benton Harbor', 'MI ', '49022-9090  ', 'USA')
, ('261', '8439 Westown Road', 'West Des Moines', 'IA ', '50625-4424  ', 'USA')
, ('264', '2190 S. Roberts St.', 'Detroit', 'MI ', '48233-2190  ', 'USA')
, ('265', '66 Green Leaf Drive', 'Fox Lake', 'IL ', '60020-1212  ', 'USA')
, ('266', '8825 51 Ave S', 'Minneapolis', 'MN ', '55401-7694  ', 'USA')
, ('267', '38493 Meadow Lane', 'San Francisco', 'CA ', '94102-4924  ', 'USA')
, ('268', '2387 W 67 Ave.', 'Detroit', 'MI ', '48234-2387  ', 'USA')
, ('269', 'SSU Box 473', 'Arlington Heights', 'IL ', '60004-6122  ', 'USA')
, ('270', '4181 S 72 St.', 'Peru', 'IN ', '46970       ', 'USA')
, ('271', '4100 East Wisconsin Ave.', 'Chicago', 'IL ', '60604-4100  ', 'USA')
, ('272', '455 Santa Rosa Blvd.', 'San Luis Obispo', 'CA ', '93401       ', 'USA')
, ('274', '2323 N. River Dr.', 'Milwaukee', 'WI ', '53203-2323  ', 'USA')
, ('277', '7916 South Rose Creek', 'Lake Forest', 'IL ', '60045-7916  ', 'USA')
, ('281', '1488 N.E. Pusher Rd.', 'Detroit', 'MI ', '48233-1232  ', 'USA')
, ('283', '944 19th Street S.', 'Chicago', 'IL ', '60603-911   ', 'USA')
, ('284', '950 Office Plaza Drive', 'Detroit', 'MI ', '48233-4832  ', 'USA')
, ('289', '994 West Alaska Ave', 'Gary', 'IN ', '46401-3455  ', 'USA')
, ('290', '64 King St NE', 'Chicago', 'IL ', '60607       ', 'USA')
, ('292', '8355 145 St. W.', 'St. Cloud', 'MN ', '56301-9023  ', 'USA')
, ('294', '6320 Keely Road', 'Lee''s Summit', 'MO ', '64063-6632  ', 'USA')
, ('296', 'Apple Grove Square', 'Indianapolis', 'IN ', '46205-2393  ', 'USA')
, ('297', '26 N. Meriam Ave', 'Grand Rapids', 'MI ', '49548       ', 'USA')
, ('299', '1480 Miner Ave SW', 'Chicago', 'IL ', '60607-1480  ', 'USA')
, ('300', 'P.O. Box 500', 'Green Bay', 'WI ', '54305       ', 'USA')
, ('303', '373 N.W. 19 St.', 'Minneapolis', 'MN ', '55403-1222  ', 'USA')
, ('307', 'P.O. Box 3343', 'Detroit', 'MI ', '48233-3343  ', 'USA')
, ('308', 'P.O. Box 500', 'Green Bay', 'WI ', '54305       ', 'USA')
, ('309', '1421 2nd Street', 'Rockford', 'IL ', '61126-3214  ', 'USA')
, ('310', '848 Main Street South', 'Chicago', 'IL ', '60608-4949  ', 'USA')
, ('311', '3407 Victoria Drive', 'Liberty', 'IL ', '60048-7888  ', 'USA')
, ('312', '1099 Domino St. N', 'Lansing', 'MI ', '48924-9237  ', 'USA')
, ('313', '8411 Wellington Drive', 'Lake Forest', 'IL ', '60045-8411  ', 'USA')
, ('314', 'PO Box 23', 'Lake Zurich', 'IL ', '60047       ', 'USA')
, ('315', 'Rt. 9', 'Green Bay', 'WI ', '54305       ', 'USA')
, ('316', 'PO Box 2333', 'Lake Zurich', 'IL ', '60047-1115  ', 'USA')
, ('318', '3001 Woodridge Drive', 'Overland Park', 'KS ', '66175       ', 'USA')
, ('319', '950 Office Plaza Drive', 'Detroit', 'MI ', '48233-4832  ', 'USA')
, ('320', 'P.O. Box 5990', 'Chicago', 'IL ', '60608-5990  ', 'USA')
, ('321', '2803 NE Drexel', 'Evanston', 'IL ', '60204-7881  ', 'USA')
, ('322', '304 St. George', 'Chicago', 'IL ', '60607       ', 'USA')
, ('323', '941 16 St. E.', 'McHenry', 'IL ', '60050       ', 'USA')
, ('324', '1832 Lakewood Ave.', 'Chicago', 'IL ', '60656       ', 'USA')
, ('325', 'Suite 13', 'La Crosse', 'WI ', '54601-9975  ', 'USA')
, ('326', 'Suite 187', 'Fond Du Lac', 'WI ', '54935-9990  ', 'USA')

insert into Person (PersonID, Name, AddressID, PhoneNumber)
values ('7', 'Sue Almassy-Wicker', '7', NULL)
, ('9', 'Alicia Maria Alvarza', '9', '31263209430000')
, ('14', 'Jenna Anderson', '14', NULL)
, ('18', 'Paul Martin Atkins', '18', '21940834210000')
, ('20', 'Gary Backer', '20', NULL)
, ('22', 'Bernard Bakke', '22', NULL)
, ('23', 'Katherine Amelia Banks', '23', '41464927200000')
, ('26', 'Anne Bennet', '26', NULL)
, ('30', 'Thomas Adam Black', '30', '40261143770000')
, ('33', 'Nancy Bourke', '33', NULL)
, ('36', 'Gil Bremmer', '36', NULL)
, ('37', 'Roger Bridges', '37', NULL)
, ('38', 'Darlene Joy Burnell', '38', '30939204420000')
, ('43', 'Rolando Manuel Carnero', '43', '40248047540000')
, ('44', 'Beth Carr', '44', NULL)
, ('53', 'Steven Chang', '53', NULL)
, ('56', 'Helen Cholakis', '56', NULL)
, ('72', 'Ruth Marie Crane', '72', '31222609900000')
, ('74', 'Sheila Crossman', '74', NULL)
, ('77', 'Clayton Dean', '77', NULL)
, ('80', 'Claire Dionne', '80', NULL)
, ('85', 'Robert Lee Drake', '85', '31298745340000')
, ('86', 'Christine Louise Dubois', '86', '31778705030000')
, ('89', 'Julie Dzuik', '89', NULL)
, ('94', 'Charles David Erickson', '94', '31299723220000')
, ('99', 'Bob Fitz', '99', NULL)
, ('100', 'Mario Fox', '100', NULL)
, ('102', 'Isaac Frye', '102', NULL)
, ('104', 'Victor Gage', '104', NULL)
, ('107', 'Julius Gochian', '107', NULL)
, ('108', 'Kathy Goodwin', '108', NULL)
, ('111', 'Kimberly Marie Greenberg', '111', '61233960030000')
, ('115', 'Robert Hadley', '115', NULL)
, ('117', 'Michael Harjak', '117', NULL)
, ('118', 'David Harris', '118', NULL)
, ('122', 'Marilyn Renae Hernandez', '122', '21725258280000')
, ('125', 'Ed Holling', '126', NULL)
, ('127', 'Arthur Holmes', '127', NULL)
, ('129', 'Judy Hopewell', '129', NULL)
, ('130', 'Ruth Hunter', '130', NULL)
, ('145', 'Troy Irving', '145', NULL)
, ('147', 'Norman Ray Jenning', '147', '31244502910000')
, ('149', 'Mary Jo Bancroft', '149', NULL)
, ('151', 'Sue Johnston', '151', NULL)
, ('153', 'Kimberly Johnson', '152', '39133088000000')
, ('155', 'Darla Juhl', '155', NULL)
, ('156', 'Andrea Margaret Kaufman', '156', '31222680210000')
, ('157', 'Robert Keith', '157', NULL)
, ('161', 'Philip John Kowalski', '161', '31244488040000')
, ('162', 'Vivian Lang', '162', NULL)
, ('164', 'Grant Lasko', '164', NULL)
, ('172', 'Brian Christopher Levin', '172', '31292819410000')
, ('175', 'Patricia Ann Logan', '175', '31244029430000')
, ('177', 'Martin Joseph Lowenstein', '177', '51544085120000')
, ('178', 'Kim Lucas', '178', NULL)
, ('179', 'Andrew MacWilliams', '179', NULL)
, ('184', 'Roberta Masouras', '184', NULL)
, ('185', 'Glen Math', '185', NULL)
, ('188', 'Ellen McDonald', '188', NULL)
, ('192', 'Bill Menec', '192', NULL)
, ('200', 'Toshi Y. Minami', '200', '31274174220000')
, ('205', 'Manoj Monat', '205', NULL)
, ('209', 'Amanda Kaye Nakumota', '209', '31283151570000')
, ('213', 'Yolanda Neilson', '213', NULL)
, ('223', 'Brian Nypen', '223', NULL)
, ('224', 'Virginia O''Connell', '224', NULL)
, ('232', 'Sarah Parnell', '232', NULL)
, ('233', 'Irma Pastromski', '233', NULL)
, ('234', 'Mitch Payne', '234', NULL)
, ('238', 'Bill Polaski', '238', NULL)
, ('239', 'Roseanne Polk', '240', NULL)
, ('241', 'Stephen Porter', '241', NULL)
, ('243', 'Linda Marie Pressler', '243', '31244012110000')
, ('250', 'Benjamin David Reese', '250', '31253041820000')
, ('261', 'Carlos Romero', '261', NULL)
, ('266', 'Loren Shay', '266', NULL)
, ('276', 'Taylor Leigh Stewart-Cray', '277', '31244523220000')
, ('283', 'Alan Swedburg', '283', NULL)
, ('284', 'Brian Sweeney', '284', NULL)
, ('289', 'Elizabeth Talbot', '289', NULL)
, ('290', 'Colleen Rae Tanner', '290', '81664704610000')
, ('294', 'Kip Logan Toniskentter', '294', '31253299410000')
, ('296', 'James Tweed', '296', NULL)
, ('307', 'Fred Wagner', '307', NULL)
, ('308', 'Mary Weist', '308', NULL)
, ('313', 'Sean Robert White', '313', '31220393310000')
, ('314', 'James Whitson', '314', NULL)
, ('315', 'Charalee Williams', '315', NULL)
, ('316', 'Rod Williams', '316', NULL)
, ('321', 'Kenji Y. Yoshioka', '321', '31244529440000')
, ('322', 'Russell John Youngblood', '322', '81544724820000')
, ('323', 'Syed M. Zaidi', '323', NULL)
, ('325', 'Jia Zhou', '325', NULL)
, ('326', 'Ming Zhu', '326', NULL)

insert into Agent (AgentID, PersonID)
values ('1', '14')
, ('2', '20')
, ('3', '23')
, ('4', '26')
, ('6', '74')
, ('7', '77')
, ('8', '100')
, ('9', '115')
, ('10', '118')
, ('11', '147')
, ('13', '153')
, ('14', '156')
, ('15', '162')
, ('16', '188')
, ('17', '200')
, ('18', '209')
, ('19', '238')
, ('20', '241')
, ('21', '250')
, ('25', '294')
, ('26', '326')

insert into Property (PropertyID, AddressID, NumberOfRooms)
values ('7', '7', '5')
, ('9', '9', '2')
, ('14', '14', '7')
, ('18', '18', '3')
, ('20', '20', '2')
, ('22', '22', '5')
, ('23', '23', '5')
, ('26', '26', '8')
, ('30', '30', '4')
, ('33', '33', '7')
, ('36', '36', '7')
, ('37', '37', '2')
, ('38', '38', '5')
, ('43', '43', '9')
, ('44', '44', '8')
, ('53', '53', '4')
, ('56', '56', '5')
, ('72', '72', '2')
, ('74', '74', '5')
, ('77', '77', '6')
, ('80', '80', '4')
, ('85', '85', '6')
, ('86', '86', '7')
, ('89', '89', '6')
, ('94', '94', '9')
, ('99', '99', '6')
, ('100', '100', '8')
, ('102', '102', '9')
, ('104', '104', '3')
, ('107', '107', '4')
, ('108', '108', '5')
, ('111', '111', '5')
, ('115', '115', '3')
, ('117', '117', '4')
, ('118', '118', '2')
, ('122', '122', '3')
, ('125', '126', '7')
, ('127', '127', '2')
, ('129', '129', '2')
, ('130', '130', '8')
, ('145', '145', '4')
, ('147', '147', '3')
, ('149', '149', '7')
, ('151', '151', '4')
, ('153', '152', '5')
, ('155', '155', '7')
, ('156', '156', '2')
, ('157', '157', '9')
, ('161', '161', '9')
, ('162', '162', '5')
, ('164', '164', '4')
, ('172', '172', '4')
, ('175', '175', '7')
, ('177', '177', '3')
, ('178', '178', '6')
, ('179', '179', '4')
, ('184', '184', '6')
, ('185', '185', '6')
, ('188', '188', '2')
, ('192', '192', '4')
, ('200', '200', '6')
, ('205', '205', '2')
, ('209', '209', '6')
, ('213', '213', '7')
, ('223', '223', '7')
, ('224', '224', '2')
, ('232', '232', '5')
, ('233', '233', '6')
, ('234', '234', '9')
, ('238', '238', '3')
, ('239', '240', '8')
, ('241', '241', '8')
, ('243', '243', '6')
, ('250', '250', '3')
, ('261', '261', '8')
, ('266', '266', '7')
, ('276', '277', '2')
, ('283', '283', '6')
, ('284', '284', '6')
, ('289', '289', '2')
, ('290', '290', '8')
, ('294', '294', '7')
, ('296', '296', '9')
, ('307', '307', '5')
, ('308', '308', '4')
, ('313', '313', '7')
, ('314', '314', '2')
, ('315', '315', '3')
, ('316', '316', '3')
, ('321', '321', '3')
, ('322', '322', '4')
, ('323', '323', '9')
, ('325', '325', '3')
, ('326', '326', '6')

insert into Listing (PropertyID, AgentID, ListingDate, AskingPrice, SaleDate, SalePrice)
values ('7', '15', 'Feb  3 2014 12:00AM', '810000.00', NULL, NULL)
, ('9', '2', 'Sep 19 2012 12:00AM', '378000.00', '2013-01-28', '366000.00')
, ('14', '1', 'Jun  9 2013 12:00AM', '805000.00', NULL, NULL)
, ('18', '18', 'Jan 24 2014 12:00AM', '426000.00', NULL, NULL)
, ('20', '2', 'Sep  9 2012 12:00AM', '336000.00', '2013-01-23', '324000.00')
, ('22', '8', 'May 30 2013 12:00AM', '975000.00', NULL, NULL)
, ('23', '3', 'Jan 14 2014 12:00AM', '610000.00', NULL, NULL)
, ('26', '4', 'Aug 30 2012 12:00AM', '1184000.00', '2013-01-19', '1133000.00')
, ('30', '9', 'May 20 2013 12:00AM', '700000.00', NULL, NULL)
, ('33', '7', 'Jan  3 2014 12:00AM', '707000.00', NULL, NULL)
, ('36', '14', 'Aug 20 2012 12:00AM', '896000.00', '2013-01-14', '852000.00')
, ('37', '26', 'May 10 2013 12:00AM', '310000.00', NULL, NULL)
, ('38', '15', 'Jan 28 2014 12:00AM', '905000.00', NULL, NULL)
, ('43', '20', 'Aug 10 2012 12:00AM', '972000.00', '2013-01-10', '918000.00')
, ('44', '26', 'Apr 30 2013 12:00AM', '1072000.00', NULL, NULL)
, ('53', '8', 'Jan 18 2014 12:00AM', '644000.00', NULL, NULL)
, ('56', '19', 'Jul 31 2012 12:00AM', '940000.00', '2013-01-05', '882000.00')
, ('72', '15', 'Apr 20 2013 12:00AM', '228000.00', '2013-05-04', '250000.00')
, ('74', '6', 'Jan  15 2010 12:00AM', '650000.00', '2010-06-30', '640000.00')
, ('74', '6', 'Jan  8 2014 12:00AM', '705000.00', NULL, NULL)
, ('77', '7', 'Jul 20 2012 12:00AM', '1002000.00', '2013-01-01', '933000.00')
, ('80', '14', 'Apr 10 2013 12:00AM', '776000.00', '2013-04-29', '847000.00')
, ('85', '18', 'Dec 29 2013 12:00AM', '726000.00', NULL, NULL)
, ('86', '18', 'Jul 10 2012 12:00AM', '1029000.00', '2012-12-27', '953000.00')
, ('89', '14', 'Mar 31 2013 12:00AM', '1044000.00', '2013-04-25', '1133000.00')
, ('94', '8', 'Dec 19 2013 12:00AM', '900000.00', NULL, NULL)
, ('99', '2', 'Jun 30 2012 12:00AM', '762000.00', '2012-12-22', '701000.00')
, ('100', '8', 'Mar 21 2013 12:00AM', '1232000.00', '2013-04-20', '1331000.00')
, ('102', '2', 'Dec  9 2013 12:00AM', '1620000.00', NULL, NULL)
, ('104', '2', 'Jun 20 2012 12:00AM', '321000.00', '2012-12-18', '293000.00')
, ('107', '14', 'Mar 10 2013 12:00AM', '532000.00', '2013-04-15', '571000.00')
, ('108', '14', 'Nov 29 2013 12:00AM', '800000.00', NULL, NULL)
, ('111', '14', 'Jun 10 2012 12:00AM', '935000.00', '2012-12-13', '849000.00')
, ('115', '9', 'Feb 28 2013 12:00AM', '339000.00', '2013-04-11', '362000.00')
, ('117', '10', 'Nov 19 2013 12:00AM', '560000.00', NULL, NULL)
, ('118', '10', 'May 31 2012 12:00AM', '332000.00', '2012-12-09', '299000.00')
, ('122', '16', 'Feb 18 2013 12:00AM', '579000.00', '2013-04-06', '614000.00')
, ('125', '15', 'Nov  9 2013 12:00AM', '840000.00', NULL, NULL)
, ('127', '26', 'May 21 2012 12:00AM', '292000.00', '2012-12-04', '262000.00')
, ('129', '6', 'Feb  8 2013 12:00AM', '346000.00', '2013-04-02', '365000.00')
, ('130', '6', 'Oct 29 2013 12:00AM', '1592000.00', NULL, NULL)
, ('145', '2', 'May 11 2012 12:00AM', '504000.00', '2012-11-30', '448000.00')
, ('147', '10', 'Jan 29 2013 12:00AM', '456000.00', '2013-03-28', '478000.00')
, ('149', '2', 'Oct 19 2013 12:00AM', '1253000.00', NULL, NULL)
, ('151', '19', 'May  1 2012 12:00AM', '424000.00', '2012-11-25', '375000.00')
, ('153', '19', 'Jan 19 2013 12:00AM', '660000.00', '2013-03-24', '688000.00')
, ('155', '14', 'Oct  9 2013 12:00AM', '1113000.00', NULL, NULL)
, ('156', '14', 'Apr 20 2012 12:00AM', '370000.00', '2012-11-21', '324000.00')
, ('157', '14', 'Jan  9 2013 12:00AM', '1008000.00', '2013-03-19', '1045000.00')
, ('161', '18', 'Sep 29 2013 12:00AM', '1251000.00', NULL, NULL)
, ('162', '15', 'Apr 10 2012 12:00AM', '825000.00', '2012-11-16', '718000.00')
, ('164', '15', 'Dec 30 2012 12:00AM', '768000.00', '2013-03-15', '791000.00')
, ('172', '14', 'Sep 19 2013 12:00AM', '472000.00', NULL, NULL)
, ('175', '14', 'Mar 31 2012 12:00AM', '1015000.00', '2012-11-11', '878000.00')
, ('177', '14', 'Dec 20 2012 12:00AM', '516000.00', '2013-03-10', '529000.00')
, ('178', '1', 'Sep  9 2013 12:00AM', '1188000.00', NULL, NULL)
, ('179', '6', 'Mar 21 2012 12:00AM', '500000.00', '2012-11-07', '429000.00')
, ('184', '16', 'Aug 30 2013 12:00AM', '1068000.00', NULL, NULL)
, ('185', '16', 'Mar 11 2012 12:00AM', '630000.00', '2012-11-02', '537000.00')
, ('188', '16', 'Aug 20 2013 12:00AM', '316000.00', NULL, NULL)
, ('192', '14', 'Mar  1 2012 12:00AM', '736000.00', '2012-10-29', '623000.00')
, ('200', '17', 'Nov 19 2012 12:00AM', '666000.00', '2013-02-24', '670000.00')
, ('205', '25', 'Aug 10 2013 12:00AM', '276000.00', NULL, NULL)
, ('209', '18', 'Feb 20 2012 12:00AM', '984000.00', '2012-10-24', '827000.00')
, ('213', '26', 'Nov  9 2012 12:00AM', '1337000.00', '2013-02-20', '1337000.00')
, ('223', '9', 'Jul 30 2013 12:00AM', '819000.00', NULL, NULL)
, ('224', '9', 'Feb 10 2012 12:00AM', '288000.00', '2012-10-20', '240000.00')
, ('232', '16', 'Oct 30 2012 12:00AM', '855000.00', '2013-02-15', '850000.00')
, ('233', '16', 'Jul 20 2013 12:00AM', '1182000.00', NULL, NULL)
, ('234', '6', 'Jan 31 2012 12:00AM', '1116000.00', '2012-10-15', '925000.00')
, ('238', '19', 'Oct 20 2012 12:00AM', '450000.00', '2013-02-11', '444000.00')
, ('239', '20', 'Jul 10 2013 12:00AM', '1416000.00', NULL, NULL)
, ('241', '20', 'Jan 21 2012 12:00AM', '824000.00', '2012-10-11', '678000.00')
, ('243', '14', 'Oct 10 2012 12:00AM', '780000.00', '2013-02-06', '766000.00')
, ('250', '14', 'Jan 10 2012 12:00AM', '549000.00', '2012-10-06', '448000.00')
, ('261', '17', 'Sep 30 2012 12:00AM', '880000.00', '2013-02-02', '858000.00')
, ('266', '16', 'Jan  3 2014 12:00AM', '1141000.00', NULL, NULL)
, ('276', '18', 'Sep 20 2012 12:00AM', '380000.00', '2013-01-28', '368000.00')
, ('283', '14', 'Jun 10 2013 12:00AM', '696000.00', NULL, NULL)
, ('284', '2', 'Jan 24 2014 12:00AM', '858000.00', NULL, NULL)
, ('289', '8', 'Sep  9 2012 12:00AM', '338000.00', '2013-01-23', '325000.00')
, ('290', '14', 'May 31 2013 12:00AM', '1568000.00', NULL, NULL)
, ('294', '25', 'Jan 14 2014 12:00AM', '861000.00', NULL, NULL)
, ('296', '8', 'Aug 30 2012 12:00AM', '1341000.00', '2013-01-19', '1283000.00')
, ('307', '2', 'Jan  4 2014 12:00AM', '510000.00', NULL, NULL)
, ('308', '26', 'Aug 20 2012 12:00AM', '516000.00', '2013-01-14', '491000.00')
, ('313', '18', 'May 11 2013 12:00AM', '1092000.00', NULL, NULL)
, ('314', '18', 'Jan 05 2014 12:00AM', '364000.00', NULL, NULL)
, ('315', '26', 'Aug 10 2012 12:00AM', '327000.00', '2013-01-10', '309000.00')
, ('316', '18', 'Apr 30 2013 12:00AM', '405000.00', '2013-05-08', '447000.00')
, ('321', '18', 'Jan 19 2014 12:00AM', '486000.00', NULL, NULL)
, ('322', '14', 'Jul 31 2012 12:00AM', '756000.00', '2013-01-05', '710000.00')
, ('323', '18', 'Apr 20 2013 12:00AM', '1035000.00', '2013-05-04', '1136000.00')
, ('325', '26', 'Jan  9 2014 12:00AM', '426000.00', NULL, NULL)
, ('326', '26', 'Jul 21 2012 12:00AM', '1008000.00', '2013-01-01', '940000.00')

insert into Buyer (BuyerID, PersonID, NumberOfRooms, MaximumPrice)
Values ('1', '20', '2', '244000.00')
, ('2', '33', '5', '845000.00')
, ('3', '36', '5', '675000.00')
, ('4', '53', '1', '102000.00')
, ('5', '56', '1', '148000.00')
, ('6', '85', '7', '805000.00')
, ('7', '102', '3', '486000.00')
, ('8', '115', '6', '768000.00')
, ('9', '117', '2', '350000.00')
, ('10', '129', '2', '282000.00')
, ('11', '153', '1', '108000.00')
, ('12', '162', '1', '155000.00')
, ('13', '164', '7', '847000.00')
, ('14', '179', '7', '1176000.00')
, ('15', '192', '10', '1340000.00')
, ('16', '223', '2', '202000.00')
, ('17', '224', '5', '740000.00')
, ('18', '239', '5', '570000.00')
, ('19', '241', '1', '161000.00')
, ('21', '289', '9', '1566000.00')
, ('22', '290', '3', '423000.00')
, ('23', '308', '2', '214000.00')
, ('24', '313', '9', '1386000.00')
, ('25', '322', '8', '960000.00')

insert into BuyerCity (BuyerID, City)
values ('1', 'Carmel')
, ('1', 'Chicago')
, ('1', 'Detroit')
, ('1', 'Evanston')
, ('1', 'Glenview')
, ('1', 'Milwaukee')
, ('1', 'Omaha')
, ('1', 'Rockford')
, ('1', 'St. Louis')
, ('1', 'St. Paul')
, ('2', 'Chicago')
, ('2', 'Detroit')
, ('2', 'Highland Park')
, ('2', 'Indianapolis')
, ('2', 'Milwaukee')
, ('2', 'Omaha')
, ('2', 'Rockford')
, ('2', 'St. Louis')
, ('2', 'Woodbury')
, ('3', 'Beatrice')
, ('3', 'Bloomington')
, ('3', 'Bolingbrook')
, ('3', 'Chicago')
, ('3', 'Indianapolis')
, ('3', 'Lake Forest')
, ('3', 'Milwaukee')
, ('3', 'Peoria')
, ('3', 'Saginaw')
, ('3', 'St. Louis')
, ('4', 'Aurora')
, ('4', 'Bloomington')
, ('4', 'Chicago')
, ('4', 'Indianapolis')
, ('4', 'Lake Forest')
, ('4', 'Midland')
, ('4', 'Minneapolis')
, ('4', 'Omaha')
, ('4', 'St. Louis')
, ('4', 'Wauwatosa')
, ('5', 'Chicago')
, ('5', 'Detroit')
, ('5', 'Excelsior')
, ('5', 'Fond Du Lac')
, ('5', 'Hutchinson')
, ('5', 'Iowa City')
, ('5', 'Rockford')
, ('5', 'Schiller Park')
, ('5', 'St. Louis')
, ('6', 'Carmel')
, ('6', 'Chicago')
, ('6', 'Detroit')
, ('6', 'Evanston')
, ('6', 'Glenview')
, ('6', 'Milwaukee')
, ('6', 'Omaha')
, ('6', 'Rockford')
, ('6', 'St. Louis')
, ('6', 'St. Paul')
, ('7', 'Chicago')
, ('7', 'Detroit')
, ('7', 'Highland Park')
, ('7', 'Indianapolis')
, ('7', 'Milwaukee')
, ('7', 'Omaha')
, ('7', 'Rockford')
, ('7', 'St. Louis')
, ('7', 'Woodbury')
, ('8', 'Beatrice')
, ('8', 'Bloomington')
, ('8', 'Bolingbrook')
, ('8', 'Chicago')
, ('8', 'Indianapolis')
, ('8', 'Lake Forest')
, ('8', 'Milwaukee')
, ('8', 'Peoria')
, ('8', 'Saginaw')
, ('8', 'St. Louis')
, ('9', 'Aurora')
, ('9', 'Bloomington')
, ('9', 'Chicago')
, ('9', 'Indianapolis')
, ('9', 'Lake Forest')
, ('9', 'Midland')
, ('9', 'Minneapolis')
, ('9', 'Omaha')
, ('9', 'St. Louis')
, ('9', 'Wauwatosa')
, ('10', 'Aurora')
, ('10', 'Bloomington')
, ('10', 'Chicago')
, ('10', 'Indianapolis')
, ('10', 'Lake Forest')
, ('10', 'Midland')
, ('10', 'Minneapolis')
, ('10', 'Omaha')
, ('10', 'St. Louis')
, ('10', 'Wauwatosa')
, ('11', 'Aurora')
, ('11', 'Bloomington')
, ('11', 'Chicago')
, ('11', 'Green Bay')
, ('11', 'Indianapolis')
, ('11', 'Lake Zurich')
, ('11', 'Lansing')
, ('11', 'Lee''s Summit')
, ('11', 'Minneapolis')
, ('12', 'Bloomington')
, ('12', 'Chicago')
, ('12', 'Gary')
, ('12', 'Grand Rapids')
, ('12', 'Green Bay')
, ('12', 'Kansas City')
, ('12', 'Lake Zurich')
, ('12', 'Minneapolis')
, ('13', 'Chicago')
, ('13', 'Des Moines')
, ('13', 'Fort Wayne')
, ('13', 'Green Bay')
, ('13', 'Independence')
, ('13', 'McHenry')
, ('13', 'Minneapolis')
, ('13', 'Springfield')
, ('14', 'Chicago')
, ('14', 'Columbia')
, ('14', 'Detroit')
, ('14', 'Elmwood Park')
, ('14', 'Green Bay')
, ('14', 'Minneapolis')
, ('14', 'Mundelein')
, ('14', 'Springfield')
, ('14', 'West Des Moines')
, ('15', 'Aurora')
, ('15', 'Bloomington')
, ('15', 'Chicago')
, ('15', 'Indianapolis')
, ('15', 'Lake Forest')
, ('15', 'Midland')
, ('15', 'Minneapolis')
, ('15', 'Omaha')
, ('15', 'St. Louis')
, ('15', 'Wauwatosa')
, ('16', 'Aurora')
, ('16', 'Bloomington')
, ('16', 'Chicago')
, ('16', 'Green Bay')
, ('16', 'Indianapolis')
, ('16', 'Lake Zurich')
, ('16', 'Lansing')
, ('16', 'Lee''s Summit')
, ('16', 'Minneapolis')
, ('17', 'Bloomington')
, ('17', 'Chicago')
, ('17', 'Gary')
, ('17', 'Grand Rapids')
, ('17', 'Green Bay')
, ('17', 'Kansas City')
, ('17', 'Lake Zurich')
, ('17', 'Minneapolis')
, ('18', 'Chicago')
, ('18', 'Des Moines')
, ('18', 'Fort Wayne')
, ('18', 'Green Bay')
, ('18', 'Independence')
, ('18', 'McHenry')
, ('18', 'Minneapolis')
, ('18', 'Springfield')
, ('19', 'Chicago')
, ('19', 'Des Moines')
, ('19', 'Fort Wayne')
, ('19', 'Green Bay')
, ('19', 'Independence')
, ('19', 'McHenry')
, ('19', 'Minneapolis')
, ('19', 'Springfield')
, ('21', 'Aurora')
, ('21', 'Bloomington')
, ('21', 'Chicago')
, ('21', 'Indianapolis')
, ('21', 'Lake Forest')
, ('21', 'Midland')
, ('21', 'Minneapolis')
, ('21', 'Omaha')
, ('21', 'St. Louis')
, ('21', 'Wauwatosa')
, ('22', 'Aurora')
, ('22', 'Bloomington')
, ('22', 'Chicago')
, ('22', 'Green Bay')
, ('22', 'Indianapolis')
, ('22', 'Lake Zurich')
, ('22', 'Lansing')
, ('22', 'Lee''s Summit')
, ('22', 'Minneapolis')
, ('23', 'Bloomington')
, ('23', 'Chicago')
, ('23', 'Gary')
, ('23', 'Grand Rapids')
, ('23', 'Green Bay')
, ('23', 'Kansas City')
, ('23', 'Lake Zurich')
, ('23', 'Minneapolis')
, ('24', 'Chicago')
, ('24', 'Des Moines')
, ('24', 'Fort Wayne')
, ('24', 'Green Bay')
, ('24', 'Independence')
, ('24', 'McHenry')
, ('24', 'Minneapolis')
, ('24', 'Springfield')
, ('25', 'Beatrice')
, ('25', 'Bloomington')
, ('25', 'Bolingbrook')
, ('25', 'Chicago')
, ('25', 'Indianapolis')
, ('25', 'Lake Forest')
, ('25', 'Milwaukee')
, ('25', 'Peoria')
, ('25', 'Saginaw')
, ('25', 'St. Louis')

insert into Offer (BuyerID, PropertyID, OfferedPrice, OfferDate)
Values 
  ('7', '74', '705000.00', '2014-01-15')
, ('2', '74', '751000.00', '2014-01-21')
, ('2', '307', '510000.00', '2014-01-10')
, ('6', '307', '540000.00', '2014-01-14')
, ('12', '307', '542000.00', '2014-01-19')
, ('8', '283', '661000.00', '2013-10-07')
, ('21', '283', '670000.00', '2013-10-10')
, ('15', '283', '675000.00', '2013-10-12')
, ('10', '188', '300000.00', '2013-09-15')
, ('16', '188', '310000.00', '2013-10-08')
, ('23', '188', '312000.00', '2013-11-11')
, ('14', '33', '752000.00', '2014-01-18')
, ('10', '155', '1130000.00', '2013-12-06')
, ('3', '266', '1000000.00', '2014-01-05')
, ('4', '266', '1141000.00', '2014-02-01')
, ('16', '266', '1232000.00', '2014-02-03')
, ('13', '314', '250000.00', '2014-01-10')
, ('17', '314', '350000.00', '2014-01-15')
, ('16', '314', '364000.00', '2014-02-03')

